{
  "scale": 5.0,
  "n_members": 5,
  "results": {
    "val/mean": {
      "sharpe": 1.2130195195340032,
      "log_return": 0.2296069247276017,
      "max_dd": 0.10387008374606185,
      "mean_head_std": 0.7364569050479309,
      "n_steps": 191
    },
    "val/uncertainty": {
      "sharpe": 1.7684101106416008,
      "log_return": 0.07744205470467229,
      "max_dd": 0.024137903709198116,
      "mean_head_std": 0.7665613409112261,
      "n_steps": 191
    },
    "test/mean": {
      "sharpe": -0.44671992478016054,
      "log_return": -0.4331784244347286,
      "max_dd": 0.6019273851409064,
      "mean_head_std": 0.6865846291723541,
      "n_steps": 691
    },
    "test/uncertainty": {
      "sharpe": -0.2739998407758621,
      "log_return": -0.06392484788029475,
      "max_dd": 0.13721712935865277,
      "mean_head_std": 0.7025357141939845,
      "n_steps": 691
    }
  }
}