{
  "scale": 5.0,
  "n_members": 5,
  "results": {
    "val/mean": {
      "sharpe": 1.4841386607357239,
      "log_return": 0.2055830955227243,
      "max_dd": 0.10442364452802289,
      "mean_head_std": 0.8069137125739252,
      "n_steps": 191
    },
    "val/uncertainty": {
      "sharpe": 1.977056415702735,
      "log_return": 0.05555383603020103,
      "max_dd": 0.014148474846666696,
      "mean_head_std": 0.8055794463731856,
      "n_steps": 191
    },
    "test/mean": {
      "sharpe": -0.3382007425288822,
      "log_return": -0.25267220964643367,
      "max_dd": 0.5833402769437807,
      "mean_head_std": 0.7598710814450481,
      "n_steps": 691
    },
    "test/uncertainty": {
      "sharpe": 0.24196092178181028,
      "log_return": 0.03453583709429162,
      "max_dd": 0.09031068446349899,
      "mean_head_std": 0.7658986459592662,
      "n_steps": 691
    }
  }
}